Date,Open,High,Low,Close,Volume
2024-01-16,100.66057963834675,102.41115690943528,100.4838045301673,101.25455409208878,1001.7560271771189
2024-01-17,103.76600089948427,104.18824554426502,102.45156550503278,102.80889144960413,1003.4929731517769
2024-01-18,102.0811087215255,102.65852908587263,101.30567679368998,102.2274200600259,1002.3568549944646
2024-01-19,101.09505678581593,103.47543947763391,101.04385602815915,103.3005184109951,1010.685611396601
2024-01-20,101.44775556456169,101.73360847004587,100.03573521558336,100.48841443758191,1002.1877031234495
2024-01-21,101.86455811312138,102.67263253604271,99.83892774671146,100.4586659810569,1009.1563273747827
2024-01-22,99.32212945039026,99.9468988770862,98.77203390099208,99.79954890805705,1001.2852621089248
2024-01-23,100.42169512129135,100.96385493851815,99.18903507141475,99.53290041830539,1007.9284166966419
2024-01-24,99.8499034258056,101.72679389702664,99.34297395312547,101.4338410857515,1004.5875721663065
2024-01-25,103.49082674662743,103.73083157975591,101.87240171584314,102.12613161179586,1007.3165884534177
2024-01-26,101.91275486553849,102.827070208902,100.59130270310165,101.20805891285983,1010.1718002142811
2024-01-27,102.73247611609605,103.22953673946098,101.9644708611206,102.24159333009315,1011.5352742484947
2024-01-28,103.12677296280194,103.76247411004891,99.86265422575856,99.92789245130686,1002.242555128494
2024-01-29,100.5694677035553,102.1961049564895,99.454735073041,101.92311975105851,1003.8870266370524
2024-01-30,100.4940293580833,101.81660929408656,100.09474632705748,101.56618432557957,1003.8495057483502
2024-01-31,101.77474223426258,102.0248502130869,100.21310143772777,100.50867847992164,1010.9763621109909
2024-02-01,101.70845645708283,101.88740267138492,100.43600674509982,101.51360211272859,1003.1548399207402
2024-02-02,100.40040405914758,101.19171752448442,98.98010035955605,100.8859944806557,1001.3093335962388
2024-02-03,101.36197386818203,101.38213010881023,99.91395300426844,99.95910718935492,1018.4743158436396
2024-02-04,101.37500226558522,102.26356280592088,100.253201043073,101.11991715552705,1005.6394977451508
2024-02-05,101.66844541384303,104.53121642169761,101.22095905079235,103.4436222829246,1016.4284171935749
2024-02-06,100.43773078163467,101.32268058334371,99.26964240996708,100.94151860504005,1000.5142223110452
2024-02-07,99.63168250767686,100.7898518017901,98.01526901521099,98.59445223510525,1002.4154613715426
2024-02-08,99.58252317741683,101.66889026214396,98.38194390394432,100.6818486450628,1001.3847539389923
2024-02-09,101.51407408234388,102.51941106066757,99.59462806485658,99.98602955088363,1002.2273850492489
2024-02-10,101.58495842580915,101.76190954208671,100.58335502678804,100.80492864998915,1005.3576356351978
2024-02-11,104.54782456459336,105.06263395078862,102.49205442308296,103.24680015020316,1005.9031345280683
2024-02-12,105.35643747644542,107.1054432607341,104.7068675025829,106.77488349536347,1014.2259473699046
2024-02-13,105.04275190445573,105.68546408469118,104.87449473914558,104.93517484933471,1002.5586398111249
2024-02-14,106.75773669727903,107.92155675945165,105.89923464626388,106.109854882528,1020.4012687494221
2024-02-15,106.42785583919226,106.81296962411142,106.07806463103589,106.25614684001735,1005.3550037056907
2024-02-16,107.83933417410242,109.0645350447445,106.85397159649548,107.21301319736133,1006.422990957426
2024-02-17,107.25481787496477,108.72026055019427,106.54383311236087,108.40697735674858,1001.1529382945914
2024-02-18,107.45345363747948,109.13044067130964,106.58062166338786,108.67337307594043,1007.9035153902618
2024-02-19,105.41775791093764,106.98524805831352,105.01054411863065,106.57457416633018,1028.8954861799104
2024-02-20,108.00694229933289,108.53460312903846,107.60606846199423,107.86110813765896,1005.6922691536995
2024-02-21,105.68672977977788,105.75162735511742,103.6580809217122,105.48936997602213,1014.0044889444381
2024-02-22,105.69178484989557,107.47781701041707,105.64083082528269,106.60714267300641,1008.0830858344698
2024-02-23,106.3988677651949,106.5715998815667,105.24345056673612,105.27943389803686,1004.8870026070437
2024-02-24,109.80440595694205,109.95795724647729,107.09075739889465,107.62494287740267,1006.3932500109717
2024-02-25,107.91457964014353,109.12055751811708,106.94310852356104,108.41659081835303,1002.5087592688071
2024-02-26,106.7340901080654,109.00997450006152,105.72474534608183,108.6798742892863,1006.8839646029109
2024-02-27,111.5526062773511,111.95773807392506,108.39420843633813,109.43403240449088,1005.3075209921409
2024-02-28,112.10203162958992,112.15207847969994,107.98911063782832,110.67967884981768,1007.6829073100072
2024-02-29,110.01526120414636,113.61996300720445,109.65217413555575,112.41420149944375,1000.9805543296457
2024-03-01,112.25562440480839,114.47639492270658,111.42927540619257,114.46760976744021,1003.4657760569745
2024-03-02,113.3267279410379,114.22793668985796,113.23024382127383,113.89878605785191,1004.9659800589078
2024-03-03,115.48802714153892,120.16904919456168,115.35655693272528,118.43508161070389,1004.4123790486343
2024-03-04,116.5380484725942,117.33435024418552,116.02292283299818,116.90210389555483,1006.3720157276576
2024-03-05,117.1234478716573,118.80283799243736,116.4094087666372,118.52965719095398,1004.7222163144271
2024-03-06,115.80621857239109,117.48196799618106,115.78806456319766,116.94661248440369,1000.8799553748158
2024-03-07,118.02089371420988,119.21379319298353,117.82821173808742,119.03328577464329,1008.2408263899039
2024-03-08,120.77072034594147,121.23272866058043,120.15302070905136,121.21363402078515,1002.3270006744509
2024-03-09,120.5282619792313,121.27270433580534,119.78862160273938,120.73378762147635,1015.692904567641
2024-03-10,117.767277115627,120.59367300816292,117.21602042976599,119.8818779298682,1004.712591319482
2024-03-11,118.05170737768324,119.52303463569028,117.18834825697597,118.91907878378525,1001.1029303612661
2024-03-12,117.12061522327329,118.26511342402955,116.39837303393931,117.7672014517294,1001.8276540861893
2024-03-13,117.41037758339118,117.64650855104796,116.1352266135827,117.4421152848355,1010.5559783078241
2024-03-14,116.42525609322554,118.1771911030505,115.67635678368468,116.88385122876525,1001.1995389747257
2024-03-15,115.7252674432121,116.83820560085887,115.44516725543201,116.58580435384245,1006.2042320766424
2024-03-16,118.88478054858145,119.2429611230229,116.82992759894502,117.4377950136586,1003.0091535391438
2024-03-17,117.96339002373557,118.72299641075722,117.94170524939315,118.03865862582519,1003.7349871843409
2024-03-18,121.41057823441244,123.19490663674945,120.61626108758692,122.48996382261797,1001.3750650430377
2024-03-19,123.77201434429394,124.32842460761714,121.77154235399517,123.74266625225411,1003.9431626626057
2024-03-20,123.27273387171671,125.18654963068025,122.39402378519138,123.44945758736206,1004.3267774174681
2024-03-21,121.94735061107052,123.62241219294071,119.23192427706718,120.29603908855391,1003.5188173907853
2024-03-22,119.60347920825147,120.71383273974712,116.88486548446056,118.29951563255953,1004.4953126721533
2024-03-23,118.47595204828745,119.02939758867308,117.08932766393688,118.0344475709189,1001.0678461376597
2024-03-24,119.12948451302364,120.31129401418175,117.7587977854447,119.3049785096981,1009.5825761642388
2024-03-25,118.61725803944421,120.77932599003732,117.56812055153954,120.67463353426855,1000.5063886105759
2024-03-26,124.61732971930805,125.5253890508639,122.17414939116993,122.7683876267473,1010.2647366814926
2024-03-27,121.86623634766613,123.81679044226382,120.78474188592926,122.20484183648938,1015.2942413332007
2024-03-28,121.42666079684315,122.20543898525887,119.94348069118902,122.13756581435872,1010.3507609366117
2024-03-29,117.66587386774614,118.08293964097021,115.84136850745494,118.0539915496061,1000.6684002963459
2024-03-30,116.0149030617669,116.83270352902052,115.30640201104127,115.7525124114928,1007.9441014141671
2024-03-31,116.17599675584775,116.61518255348474,114.04156121400243,114.49690764569655,1005.9465462419676
2024-04-01,114.29320990496842,115.73981901069601,112.60904933980358,114.70926134885855,1000.264476639788
2024-04-02,114.18456047914087,114.37379535365551,113.38088571564059,113.90556324485067,1005.6813078253548
2024-04-03,112.62872340849886,114.83276108195217,111.34881814558342,112.88388750835384,1010.2515570058339
2024-04-04,115.71443969430707,116.7040749239251,113.04240743703743,116.43227818957239,1008.3968118357593
2024-04-05,114.90231665544128,115.0776549788134,113.68874477386886,114.33733825639925,1010.6669028219826
2024-04-06,113.70257213997031,116.85050918338429,113.69577331628695,116.08293420911849,1011.0995810416752
2024-04-07,114.0468952356647,116.56891762676804,113.1596849594442,116.09966306804972,1001.427540085627
2024-04-08,112.12860924556358,115.7245769286085,110.95246346815146,114.09072644167556,1004.2222692751793
2024-04-09,111.81054820835438,112.53507282039082,111.68129153436917,111.72194851551272,1006.2321258730827
2024-04-10,112.65578242717002,113.42259963554326,112.00964312683048,112.49627783571516,1005.6654341936932
2024-04-11,112.73493317920484,114.29265534767342,111.32343098308313,113.652179466218,1004.0752014428496
2024-04-12,112.94277529325853,114.47163824470486,110.45280732108571,111.81771793037775,1000.3606370999604
2024-04-13,112.15624132104607,114.87686290089825,112.10065685721955,113.46295557332763,1009.0826214982184
2024-04-14,111.88036336224062,112.20304496740108,110.28025048233879,111.11888650577889,1004.3266890214236
2024-04-15,112.30526660969254,114.94445953016013,110.22342640055872,113.71499971550024,1005.9767144160286
2024-04-16,114.0940095441185,115.10515957819233,114.01991422383082,114.58609728795108,1001.1675792654406
2024-04-17,116.51438151951828,116.94707820713178,116.08828298734673,116.5869321678008,1003.2441864086471
2024-04-18,116.63438711991765,119.08328040360587,115.87236390074433,117.25809876492312,1002.4451764912588
2024-04-19,118.77079123067645,119.6687752965,115.66828680851354,117.31431688031627,1002.6363511303098
2024-04-20,120.69079055225522,120.8891161724979,118.74115031476524,119.48440807668933,1016.5835148175591
2024-04-21,120.32892517750183,121.36112538765067,118.01018120776139,118.3105389006609,1003.114659354256
2024-04-22,122.85392753080424,123.08263908521171,120.5447643906358,120.96150177261586,1006.3738327709859
2024-04-23,121.5400164660736,122.82953794308317,121.10340234676259,122.39108036094292,1002.5024657896521
2024-04-24,123.77836485609896,124.91241931911054,123.36591065673291,124.00215325695963,1002.8297536978364
2024-04-25,124.82008215493089,127.7953860457224,124.43304481553515,126.50913178176312,1014.0759685941855
2024-04-26,123.09574621642946,124.4769213981465,121.99636160058878,122.59804120836152,1000.4168850318284
2024-04-27,123.74885070503777,127.21476660852832,123.64731960424675,127.09159466291739,1005.4432496792402
2024-04-28,125.93886791783011,126.38418935150601,123.21822119316855,124.98237031233349,1010.0906503461623
2024-04-29,128.26384540271124,128.3848497582613,127.74846080421125,127.80187391581842,1008.2064363885321
2024-04-30,126.9543608543585,127.36081895482849,124.41413881362185,125.36576309363356,1012.4114250389932
2024-05-01,127.15929037375237,128.3944001060053,125.54288951775642,125.85985311473766,1012.5176614396704
2024-05-02,125.19249488152116,126.64509875618234,122.66027012720237,126.38658425298965,1000.4072114988836
2024-05-03,126.86565838791685,129.03793099164236,126.60981283221457,127.95679362421659,1008.2989443155625
2024-05-04,131.1617610439141,131.18549321074426,130.92243685743017,131.11722929491086,1001.0827030894295
2024-05-05,129.46842281941903,130.49939766872416,128.7762401754439,129.96968208317136,1000.7982267076892
2024-05-06,130.9915016465009,132.06383755843166,125.76857050059351,126.95504652752447,1015.5504267430612
2024-05-07,128.53142067074754,129.28122479982855,126.46763616153173,127.52987313663827,1013.1420283256772
2024-05-08,131.97194614981623,133.08946984645198,130.91577528999295,131.43281911961185,1003.6703092092093
2024-05-09,129.041340355024,129.40409570051764,127.44043082392693,128.12361151469145,1003.3319748361453
2024-05-10,128.79588111724271,129.39085588630175,126.08701181631106,126.65038558892336,1002.3215982948549
2024-05-11,127.13161220953864,129.4044309552144,126.63320255700646,129.22522580271502,1007.8675691937767
2024-05-12,125.6639929724411,126.23514519944456,124.31743320622427,125.52285683346496,1013.1609563648827
2024-05-13,124.63056698431687,124.72096755907106,122.75577957702663,123.25952809821499,1002.9935208576405
2024-05-14,124.03786303080993,124.17768635057115,122.7895204586148,123.12529441372422,1000.427092177908
2024-05-15,122.02700615915788,123.0447062315695,121.8706296751267,122.36259828837645,1001.3798750226451
2024-05-16,123.99378931353822,124.7175764546127,122.98983066101401,123.1707487112785,1007.3377958321128
2024-05-17,122.86427380801587,125.8586098011549,122.62834700266787,125.41408195571928,1007.3701823795914
2024-05-18,128.55812559611653,129.79187571911282,125.23628733531619,125.82592515224772,1000.1956828765813
2024-05-19,127.9036883503712,129.51343834866674,127.31707298166181,128.7838300448246,1010.5499582263617
2024-05-20,125.56249792435415,126.9150906141023,124.66843120429155,125.92003105597182,1019.7428654862804
2024-05-21,127.9896425477032,128.66188563123958,126.44139338710778,126.98964370553801,1000.9150736098402
2024-05-22,132.65054598868107,134.59650950096872,132.615736670923,133.89039522989535,1013.2810047672663
2024-05-23,133.3121778362187,133.87455536763105,131.59533045030395,132.2224692967562,1007.2941583722005
2024-05-24,131.213694371887,132.29840881608496,131.1404442327596,132.05326648353403,1004.65504073163
2024-05-25,131.8242604075879,134.1490656235122,131.27080569422483,133.53754471404272,1008.1058554416596
2024-05-26,135.31453170490033,137.00017283664172,134.34488721420837,134.77916409762688,1001.5576576537234
2024-05-27,134.12964334466324,135.38941999606766,134.08985195456896,134.32840740450476,1005.1112552302947
2024-05-28,135.54128793094569,136.99281842887234,135.4435754266694,136.4646544375436,1003.4670646652878
2024-05-29,134.34272572066365,135.3635976209168,133.0774629650389,134.87929803572527,1006.7095547666463
2024-05-30,133.86151173517402,135.962097189015,132.82557971070685,135.7619622229387,1011.1417027977773
2024-05-31,135.76917606182482,136.85412150656984,134.42895845689137,134.95252884049907,1010.5701058013918
2024-06-01,139.16728459460953,140.68426137825273,137.43310745960133,139.08076826630344,1003.9214502036496
2024-06-02,138.40228775565726,139.35586423849176,136.2628956729761,137.29688617716567,1005.7584817382809
2024-06-03,138.89453982012571,141.31356559830957,137.86916227084285,140.26332218974272,1001.6049163316914
2024-06-04,139.27719395479755,139.67665112771866,137.23743504223543,137.40897524742215,1003.6933844800611
2024-06-05,141.76805202134975,142.33264005089882,137.89134204263692,138.53881064811839,1004.1660783937019
2024-06-06,139.13131996875606,139.96732885312687,138.262769496986,139.37073885817367,1003.5356166728981
2024-06-07,137.43618530449498,138.99857097246715,135.40503464581937,136.99503865741005,1013.4690825482164
2024-06-08,135.1627282511286,136.1882915474796,134.495148446864,135.84752808619425,1015.0765340407477
2024-06-09,134.41459216669023,135.15144964084902,133.79208116341553,133.825330374084,1013.4591839763834
2024-06-10,134.42659652165204,135.62473399474342,131.64175203747686,134.1848218682694,1003.9815157969024
2024-06-11,134.2863934202819,136.1463009188512,133.3378530262286,133.92436963220553,1002.6946906809029
2024-06-12,135.56808759951923,136.0838638766651,134.19522437749544,135.27745213447508,1008.7697169283425
2024-06-13,137.9322950940299,138.0840692602158,135.85188951125429,137.0924137091066,1006.1270175324042
2024-06-14,137.64374191487934,139.4047319534428,137.44646498388906,138.080759918136,1000.3482741111711
2024-06-15,136.01971762001105,138.2265573445423,135.6037467637802,135.91749010280333,1001.6436274574795
2024-06-16,137.4022881569933,137.68982462763753,135.0799668964825,135.6986474024515,1001.3995684236727
2024-06-17,135.10989568456358,137.04690568327416,134.97515429353962,135.99986114688622,1005.2509061120438
2024-06-18,135.789732460066,137.17008202033875,134.1953667918945,136.78311041865243,1000.4931269580474
2024-06-19,138.16465583154158,140.44313534331727,134.31811563642947,134.7628476386144,1003.7654066826445
2024-06-20,134.89554312201327,135.4662308214389,133.137212173501,134.42802814150772,1006.5434299621011
2024-06-21,135.41739592551252,138.49777677934745,133.86802608002165,137.3950938029984,1005.1893105241094
2024-06-22,135.69984182181733,136.05814578396365,133.938432126738,135.20756410367179,1010.8282345305495
2024-06-23,136.44669447344194,136.9141129755192,135.08091226133317,135.66062464989346,1003.3578142001298
2024-06-24,138.00656249388436,138.74041627923464,136.75370482308665,136.8458044726465,1010.800879115871
2024-06-25,137.11266010831983,138.58399046033102,135.11466702901697,135.24460776412295,1005.1078874310616
2024-06-26,136.34765133046733,138.49506208896096,135.88511954813077,136.55979734427342,1018.1790949497172
2024-06-27,134.5533815240998,135.00828597387735,133.57755719976603,134.578854040568,1000.3578351710648
2024-06-28,132.64738381351071,136.20908655879333,132.42755641669808,135.31866038504543,1000.201643792459
2024-06-29,132.1990589528897,134.6914450116168,131.205959782366,134.00602005053173,1002.1082521966447
2024-06-30,138.56478163276836,139.1598301932581,135.87012590943013,137.31123003129466,1006.9347526218457
2024-07-01,137.3830716969829,139.18539316906288,136.46068873951,138.77584616419927,1004.7637885126147
2024-07-02,139.6909093240231,141.84960790330265,137.51669623616118,141.63969829037072,1005.1689086356718
2024-07-03,144.147758324981,144.67089126196208,142.88677567966414,143.23090293620805,1003.1812445980144
2024-07-04,144.46741388178722,147.3959715223458,142.59561117563527,145.0652048590791,1003.2724275225553
2024-07-05,145.33415262119698,146.99054499080353,145.0536106139145,145.87157229368518,1012.5143805540819
2024-07-06,146.81117931565026,148.544270712744,144.23426209271707,145.57254580363153,1010.9828116015736
2024-07-07,147.77458407917277,148.9858843315228,146.57907199281414,148.4748884086083,1000.2888135212553
2024-07-08,147.24219070984805,148.9830264694394,145.36064604369753,146.98840335744038,1010.3506851561059
2024-07-09,145.3597149678294,145.7508792289542,144.75977346551718,145.46648450657298,1005.0371752595354
2024-07-10,146.17740971452244,146.58372553752812,144.65161044116388,145.49369013932377,1021.3640696547255
2024-07-11,145.50516464499813,148.26270869675952,144.09229333534114,147.02803719491115,1008.7062009053388
2024-07-12,146.80451393243624,147.32975203318435,146.2881285162312,146.37246308683228,1009.6224416814142
2024-07-13,148.0909904147064,148.56649040119885,145.25261008572713,146.90614130978943,1006.3766630658512
2024-07-14,147.50640367820816,149.83502224338713,147.083869240739,147.5370428220283,1003.2253123539331
2024-07-15,150.47798041022693,150.69957787580813,149.83663303961856,149.91713995983517,1000.2791667738238
2024-07-16,151.93762835866627,152.80544776958766,151.84802102625008,152.71299923681377,1014.9865051339908
2024-07-17,154.39657440567018,158.51919908917418,151.9782901519682,155.14906425098442,1001.0469222111637
2024-07-18,155.36576280436307,158.54949426077246,154.63892025142167,157.3066745173152,1014.3552351540009
2024-07-19,156.4251471681953,157.77393452501238,156.24867742289058,157.189564374721,1002.7372075184967
2024-07-20,161.76191085253024,163.35307013442116,160.42067094693792,162.07592674748923,1008.9027272917028
2024-07-21,162.01383608456229,166.83885009911992,161.6461025896227,165.41666535716467,1005.6570688751452
2024-07-22,163.69280799635646,164.2107984439518,161.7027018225782,163.6837390293278,1003.4015072613548
2024-07-23,163.9014195468015,165.68806801152573,163.16705915065836,164.17648548668686,1005.2587955673317
2024-07-24,163.7028473254078,163.85702649783516,161.63860491304496,161.84869077432197,1000.116842856861
2024-07-25,157.67742059020242,162.32985382981582,156.50501917678892,161.30520924844706,1016.1504258520279
2024-07-26,156.3362223797582,161.05834453409332,155.52935118930012,159.84771735898198,1016.8932685400823
2024-07-27,159.86962938632223,162.61652043651296,155.617010276285,157.25589878014284,1012.3404906021767
2024-07-28,165.72829835159683,166.429216093281,163.70644112450387,164.4399514374588,1006.4006166908523
2024-07-29,164.98276397622422,165.06021488057507,163.8325243072438,164.7642222252689,1002.1050630765008
2024-07-30,160.3693047008158,161.6966685868944,159.0828212973775,159.29774679442934,1010.4400171475845
2024-07-31,160.81368489344857,162.66229591836714,159.62870425757666,161.52262716453296,1001.6847486249777
2024-08-01,162.9138153842136,165.87854769296055,162.1790321542783,164.23534169554708,1002.398364506069
2024-08-02,160.74646561240692,161.41254666834882,159.92455906664242,160.193581119135,1010.2310532248039
2024-08-03,160.0331101573316,161.3522297617842,159.97446593970614,160.6974302832036,1000.3044376840292
2024-08-04,158.10173449353277,160.1763178764883,155.7535342929954,157.220237845865,1005.1967889834693
2024-08-05,158.26644077610547,159.7475085024705,156.07113325713098,156.8634788744426,1002.0924562166786
2024-08-06,157.77092724518724,158.13753250067936,153.15830093097102,153.88978936128623,1003.1034932308862
2024-08-07,154.7215126883287,155.09399894504267,153.6030164258347,154.92319379814012,1016.5789225119352
2024-08-08,152.0300817582665,156.47648808434158,151.11371143120041,153.50647248097007,1012.2933760408305
2024-08-09,156.85058403715473,160.10846707739393,156.40458598016542,158.17665954049275,1001.5268527007677
2024-08-10,154.97327263433903,156.82784126551763,154.93365743469758,155.40132670603913,1005.7747992329398
2024-08-11,154.91158740623231,158.11188619024315,152.59519175678886,157.12959567483657,1002.8054242738568
2024-08-12,158.20989035529828,162.16920459663348,157.37334149230787,161.66116134902273,1000.4182680824327
2024-08-13,161.11920731443135,162.794469311648,160.91455270154026,161.67807381310053,1010.6028587267873
2024-08-14,159.70091262452334,161.38638621446864,158.39378845790873,159.90396471838747,1004.5685359068038
2024-08-15,157.81322023822335,159.7975133931541,155.06806376198725,159.62784864784396,1002.9498837954578
2024-08-16,158.30807919543147,159.01650373465984,157.46733426192006,158.83487228224683,1007.1752673759594
2024-08-17,155.27102156823562,155.86259406031698,153.39704311856738,154.67703417545144,1016.1466794471436
2024-08-18,160.7325761923244,161.7433720595077,157.67842561510074,157.77525547472706,1000.7416723989336
2024-08-19,159.64090207358078,160.6968426188323,158.84099285343336,160.31005716607118,1007.440317621524
2024-08-20,158.69669628090327,161.32334108154814,158.66315435661437,160.24353841737133,1000.0683924748315
2024-08-21,162.81049426283448,163.80905127806662,160.5112421518694,162.2024552348946,1004.183577297639
2024-08-22,160.69380668109704,161.3626575876034,159.9592204112204,160.99411223527946,1001.4022847723909
2024-08-23,163.1063183947669,163.7014545848981,162.29649316933654,162.37501092290435,1014.8159992476541
2024-08-24,160.03119770000654,160.75125254897605,156.9282763016387,158.75083611047395,1009.1407138877298
2024-08-25,161.5092267563504,161.91754546544306,159.16590973577567,159.90153996466535,1002.268522648661
2024-08-26,159.02837612557596,159.03200915286578,158.49554880573785,159.01665214283648,1008.9298470608976
2024-08-27,159.32499907889667,160.4414529713786,156.4131051793211,158.0331967564881,1001.6857405141951
2024-08-28,156.18392782581782,159.87169870956487,155.5086153846833,158.96659636993996,1019.4328171910868
2024-08-29,157.5195820608538,157.73620289533125,155.2981658539323,155.31599983791983,1004.3446862470082
2024-08-30,156.22269212645205,158.97227294405803,156.19070021143068,158.7834838598078,1006.9995096930489
2024-08-31,155.31868279752646,158.15812613731197,153.72056870916256,156.15345716111528,1012.1017104840755
2024-09-01,159.58700391828444,160.83166846895037,158.31350442475542,159.035863853695,1013.695072851602
2024-09-02,160.90431417304455,164.85376387796794,160.00876657141345,164.10824279062194,1002.2446943530487
2024-09-03,166.60958841133885,167.55103822093977,164.1522320518498,164.72048330453646,1005.0828652731408
2024-09-04,169.8611513836302,170.0964264540709,167.51273031368564,169.2224605036105,1007.2871052888299
2024-09-05,171.92553250406672,172.61751483092692,169.89573707530377,171.42013885656732,1005.392149829988
2024-09-06,174.39719398440982,176.36090680542534,173.10246096210068,173.52240231821725,1001.8812476234128
2024-09-07,179.6685427370722,182.58591385955262,178.66739189374294,179.53389188674458,1006.9588009606093
2024-09-08,179.47173546771543,181.85417966630155,178.74716848144664,181.16416735175412,1008.0438050298235
2024-09-09,177.04485248208306,179.65585232428242,174.04405089660162,176.77012076670852,1008.2740627429126
2024-09-10,177.24184080484935,179.10920014775132,176.09800151704445,178.02006819123352,1004.3730807892671
2024-09-11,177.5764120140155,179.71711196593722,176.21905748667598,176.87034932070577,1005.5115833953736
2024-09-12,180.57362182333662,182.32992413637612,178.70396333517837,179.2412676486988,1004.8851767034387
2024-09-13,178.39582796601394,179.29285539735295,177.9826190586202,179.26425614699798,1012.7666120847642
2024-09-14,181.77060711054344,184.17101897836386,178.03622982002113,179.04786136604713,1002.8586878866208
2024-09-15,182.69437450515144,184.37191750880132,181.30317875286025,181.58784938106922,1006.3789034065697
2024-09-16,181.0256778818711,183.02750322909222,179.40203631707834,182.4873340642787,1003.3345200116511
2024-09-17,182.6619432110143,183.3369143922339,181.5866603278344,183.3167199546353,1004.862103253829
2024-09-18,183.78140374824508,184.38437900210576,180.99953137608875,181.98550338891164,1002.7962486406883
2024-09-19,187.4239671835321,189.62128153159307,185.43019918915596,188.30420074744117,1013.2060660898558
2024-09-20,185.4626937185074,189.0210726979234,182.18826230652377,182.96253358316307,1001.3841347739777
2024-09-21,190.83824466502853,192.64660446568976,189.3725174536303,190.91637768819785,1004.4439521190088
2024-09-22,189.45576089428226,189.46055572225524,188.83344994504577,189.0747820981985,1003.3992103699545
2024-09-23,193.64504040590828,195.79091319775998,190.74755340641153,192.39496770826094,1001.4524459445979
2024-09-24,187.57545853080885,190.294245986245,185.44631330916903,190.12064562451744,1004.7310876341609
2024-09-25,189.959351384689,190.78866315113964,188.74864546417695,189.06980524763614,1007.1957942754261
2024-09-26,187.8671427872895,191.1667079309483,187.17835220635797,188.97939867607118,1008.3971307496676
2024-09-27,184.29931597036065,187.43655669574454,183.6551394065241,187.2292902397177,1011.960273004501
2024-09-28,187.5007530025798,191.53988796116357,186.56256261463164,186.6010699450458,1013.2918869750231
2024-09-29,192.31999064408467,192.99615059815372,190.67145720431583,192.10995557206277,1002.263439248646
2024-09-30,197.03433901470757,197.3353194352633,193.80645789973826,195.09110736295622,1006.201602655299
2024-10-01,195.14975766199436,197.12737389202886,192.96502406826474,195.9470199778184,1002.0334270078192
2024-10-02,193.49959765327822,194.78256586705146,189.99628218987203,191.05209898862051,1002.1099566783867
2024-10-03,195.5784337781575,196.35446848331895,191.39441820131137,192.54138435852235,1009.4071706737693
2024-10-04,193.7300601914178,196.45857987546592,191.38331331207445,196.40607834723193,1008.7355451584287
2024-10-05,192.42740543413092,195.56551220077105,190.96136575656047,193.89514813313062,1000.4625988738597
2024-10-06,195.90102931094341,196.44028779690987,193.93458641595475,195.1458423464008,1000.6460791228478
2024-10-07,187.59051479588885,193.72520356251843,184.26603695580488,192.42068535026505,1007.5729802853245
2024-10-08,196.5999891037298,197.67342938107828,193.37688607619407,193.64251002066447,1010.3115731436114
2024-10-09,190.62555070593226,192.446922860939,190.4501699818689,191.0807026088153,1012.1850884385217
2024-10-10,192.37797705004692,194.63340319144908,191.04713429936854,192.32093805496694,1000.583778977596
2024-10-11,196.86381761464077,197.97382103591772,192.07415083033445,192.69031317085157,1008.6133428189756
2024-10-12,190.54678078911255,194.92454747188845,187.8696493337301,193.95263517637994,1008.1003604928599
2024-10-13,193.20930310715073,194.44503166323938,190.77199597245612,191.4680774269044,1006.3476749124316
2024-10-14,191.02591904744156,191.60422393741322,187.73115731640917,189.08565717087174,1003.176992991951
2024-10-15,193.8991736769137,197.57032691230376,193.78335567726603,195.4996621018265,1003.392788471873
2024-10-16,193.00636156137185,194.4332527609824,190.40742942044122,192.11831901228058,1019.4217273151396
2024-10-17,194.57382645812575,195.08920333538728,193.88905878288352,194.382523861221,1002.2155105760427
2024-10-18,196.55216109902426,198.23250305837698,191.25147545881632,193.15957586713316,1000.8855139524331
2024-10-19,187.61396983954262,190.33916027471622,186.20784689801488,190.30652071442938,1003.7858119092116
2024-10-20,191.6700990463243,192.1974185814128,189.9854391327807,190.54529667829843,1006.9180763837388
2024-10-21,195.07813932859466,199.5875657286634,193.61752458497844,197.3359876859983,1003.2371523453853
2024-10-22,196.73851333682046,197.21711805836728,193.71229091732016,195.44053214888754,1008.9075954134618
2024-10-23,195.7370687656494,196.23776717943443,194.87578582842133,195.85745366275717,1003.5617774246689
2024-10-24,196.03647865516152,201.10588263047637,194.56571792743054,198.2233254750759,1005.0830872789364
2024-10-25,199.87064240200118,200.8609496101042,198.9191759944928,200.1267040499534,1008.3227488146716
2024-10-26,200.50527616583975,204.75861668826678,200.30582292123464,201.88197727620687,1007.3089697850298
2024-10-27,204.06017270859488,205.35711031206728,200.10973530219044,200.916406919525,1000.6789996172812
2024-10-28,205.5958288129874,207.0690113382124,204.8046357241517,206.39489510989574,1001.9466000818794
2024-10-29,208.57697222128508,210.27580368387197,205.33343349245945,206.16214880891752,1006.0604334871086
2024-10-30,211.68277067920616,212.23735328355926,208.42380290202166,208.45416363479748,1002.273848371257
2024-10-31,208.78927586509664,211.36035338010637,207.30117061026715,209.68111755566193,1012.8296002943645
2024-11-01,210.79524507348734,213.01355816130717,209.32913283955207,211.17337494304564,1001.7877673705109
2024-11-02,214.99708972097315,216.61125469531183,210.1479059331247,214.49666323408695,1005.0840648964818
2024-11-03,209.22094324680148,215.1406776360924,209.0052649377144,212.9468061367308,1007.146559104022
2024-11-04,219.44922474051103,221.20338359282493,219.3250708386887,219.9789901723365,1012.0147435892287
2024-11-05,215.1780571137927,220.36373106226327,214.97922483166045,220.07342261677542,1004.1361403203035
2024-11-06,219.48781437991116,219.80816911750162,214.51916110261908,215.72040652697737,1009.9001688341552
2024-11-07,214.72734925027092,215.84246216207285,211.83730160331277,214.09544785742176,1000.6232917947152
2024-11-08,211.17903927100434,213.48757171109196,209.62462118055032,210.11188494570985,1005.6411730419294
2024-11-09,213.15092166286223,213.33480602375374,207.81160922054073,208.0614902311443,1005.0350505733785
2024-11-10,210.55222956773943,212.50088396528096,208.85306180226888,211.23974174219637,1000.1598373650396
2024-11-11,217.7282332711114,220.20007097396626,213.73986030670568,216.67000745999914,1011.8810195725412
2024-11-12,219.57831591509012,221.05229845772246,215.36654540786282,216.14964647446502,1001.1009475898916
2024-11-13,225.58461927166906,227.09241371318038,220.01710517315865,223.62612116055476,1005.3936498943182
2024-11-14,221.7584688306688,223.32129365891726,221.38449094391999,223.19264784454668,1004.8750193561759
2024-11-15,224.76499215630574,227.14345369580636,222.0261132952871,222.19040332184952,1000.1413721720863
2024-11-16,226.84318432855022,228.5569878144656,225.8012299965608,228.06586365910943,1002.7112764390457
2024-11-17,222.78873463922486,223.13648032389116,222.33746166771434,222.5520087780198,1014.1138678412323
2024-11-18,220.973520423362,222.78852422691662,218.87586104268706,221.08450138106664,1006.4963113616087
2024-11-19,224.79297597340076,227.78605661460838,220.99276403551698,222.98902337081307,1006.893656302075
2024-11-20,226.3387870195032,230.28972798683134,225.84871777546724,229.85866280569425,1001.9524137907841
2024-11-21,228.4509770127408,231.4468807949229,226.18693638367202,228.42148136226183,1012.4686899102676
2024-11-22,232.58138059978967,233.29798875675917,226.84844133225593,228.74537757131984,1001.6119077271655
2024-11-23,230.95560675934672,234.29655766504098,229.9818378267535,231.86943454495537,1001.5691640530839
2024-11-24,222.50776955223228,228.21285423709548,220.4478779447474,225.48073323962302,1004.4434819436467
2024-11-25,224.2871798307585,225.00051574880052,221.6673020450402,222.45787174026165,1000.1083920315871
2024-11-26,225.70654294876772,225.89209032314815,224.80790981687215,224.95699380937415,1002.7750827241159
2024-11-27,227.56076828380202,228.06506624517797,224.63030800608726,225.81065599067347,1002.5036461731701
2024-11-28,229.50105152356875,230.27168781300645,225.9881392558784,228.68237694847866,1008.4507560168236
2024-11-29,225.05460828035294,231.54587355087736,223.97763572512096,227.73478854851643,1003.7563335620835
2024-11-30,217.89455376187524,218.9091485896882,217.21808090332726,217.49235586754156,1003.5406793327285
2024-12-01,213.52420637218802,213.9073438480858,207.34841874190406,210.62481838412722,1006.8953844368982
2024-12-02,203.8784019794014,209.02945263636653,201.99831243086604,206.0037507303465,1003.7252441742739
2024-12-03,202.77021888976495,209.28899129780712,202.38433753949792,206.9561244404547,1003.5076987882408
2024-12-04,206.42874798762898,207.36104980863558,206.01208145614675,206.75373876665765,1002.5739420662305
2024-12-05,207.66439501926928,208.87644940304844,205.91059093861003,208.83061711724528,1000.3854529269137
2024-12-06,204.6638793011974,205.66739696388044,200.468169342285,201.36777174852284,1010.3082856987811
2024-12-07,200.90993572872162,201.2463175978954,197.76385783985862,197.845311744845,1002.1416555614325
2024-12-08,198.82172436063146,198.95530375200576,198.39467617190226,198.6887430921121,1001.1345496274014
2024-12-09,199.00324004432306,203.3918415339808,197.22874169845448,198.20375668284996,1001.4605214603909
2024-12-10,196.73448013914646,200.38689364050813,195.5940924927182,198.9729029595116,1003.052892153434
2024-12-11,192.460884366482,194.8109571619088,191.08508969789506,193.5590268523223,1003.8481406507296
2024-12-12,197.38840370824084,198.0278274703818,194.50650989359758,195.68119810513244,1005.6571849736018
2024-12-13,201.2364848579234,202.85163439963839,200.66081681292735,200.70073808522412,1006.6140598842079
2024-12-14,198.60771044890373,198.92753454401006,197.42735515222444,198.71215242308602,1002.3097114722927
2024-12-15,194.40096076798983,195.59228187983175,193.13257002062198,194.09222847737274,1007.0317760321992
2024-12-16,188.36537946999374,189.6932185022842,187.18448509796187,188.35626094627636,1001.453696040796
2024-12-17,185.89882223024648,191.39731147878905,185.81526168989893,189.6347629393245,1002.0803270346864
2024-12-18,190.73429357489914,190.9972916727191,185.72060628077958,188.26287689259343,1009.2920976470458
2024-12-19,192.55680456431827,195.85910036140265,191.86886009009362,194.43938244749282,1003.7910261937498
2024-12-20,200.44628820991608,201.21143723196806,196.92188450053362,196.9596628098281,1013.2680692866684
2024-12-21,193.77787464960414,193.9992971743182,192.4162909248382,193.6105094907673,1008.4077300049336
2024-12-22,194.40044804487118,194.6267165834305,192.73578260926166,193.93590394276106,1006.5034766178318
2024-12-23,192.09510452938906,193.275420210887,189.90952165157572,190.59024454718084,1006.5579188553454
2024-12-24,193.6111721763279,194.7647120362754,193.044184496665,194.56425473903465,1000.7741631469937
2024-12-25,193.29015651605894,193.4848178181277,188.55397416475705,190.58766096021802,1006.9466155168119
2024-12-26,198.8150985421934,199.10931860578162,196.2066675644646,197.11980321509043,1002.3705464202029
2024-12-27,200.64313983853376,201.3205952456942,198.63896644271992,198.63975299484642,1004.5090506169684
2024-12-28,191.22993152597243,195.55154779457527,190.50114441195976,193.7774487479609,1001.108352391131
2024-12-29,195.4025733540731,195.84292432728466,192.8663421978014,193.77058300568837,1008.5412483833558
2024-12-30,196.23683648976132,198.92213474563988,193.9500512029271,197.3357664808398,1006.1341724351877
2024-12-31,196.1601500597617,197.8642704469563,194.4102859443538,196.208124584019,1012.3200471494197
2025-01-01,195.80076426674256,196.6865484667577,193.59420362851196,194.38747071339236,1001.2209467955422
2025-01-02,193.56043318508316,196.86477923157742,193.2285739452885,196.10993214883786,1007.4576203095638
2025-01-03,187.3007651979782,192.08722635778796,187.27370906901126,190.96349552711868,1001.971681219062
2025-01-04,188.44030493793625,190.01517833750395,185.01019379125745,186.0081946937791,1005.3863929428095
2025-01-05,188.96988491445737,190.73844700892437,188.46811217144568,189.89557536814075,1004.3020132967267
2025-01-06,191.46740533221615,193.57477974391432,187.2779125447754,187.50961936447362,1000.3816577639201
2025-01-07,190.145789623388,192.27047407311804,187.2057447675049,189.48079900479252,1006.2137276858518
2025-01-08,187.2066145138807,191.65131068169714,187.1772888481584,189.2925314793368,1001.7302567928901
2025-01-09,185.13779394423736,185.91617451550331,183.35818865801747,185.47421482967533,1004.1826829554384
2025-01-10,183.27208432747537,185.1875754065408,181.09956693253713,183.61744104010867,1007.613206438709
2025-01-11,179.04070467403105,181.05931230335074,177.71490666703775,180.42823068061745,1000.569632677319
2025-01-12,180.1192260611574,182.94197179148102,176.63181983514465,178.78754307364736,1001.3855543417179
2025-01-13,185.4210288108664,185.9181130461757,184.8968145076761,185.14730726365917,1010.2963635600739
2025-01-14,181.35913483340377,181.72183360138825,176.8111956219621,177.38224817412794,1004.4141495232803
2025-01-15,175.64157974497903,179.50898424896138,175.39167756273062,177.692292890327,1004.9648663334746
2025-01-16,176.21334293235802,176.85811497916686,172.96756041334856,175.34037344886173,1001.4317784379548
2025-01-17,176.397733198912,177.474306828737,174.43427292462763,176.84772700524087,1002.6671001158925
2025-01-18,177.3236981747999,178.12765987434497,174.49923898555298,175.66167979454798,1003.3906774962481
2025-01-19,176.46103298688067,176.54855670806313,172.76874591809255,175.53302479469042,1001.852692755595
2025-01-20,174.34760566045978,176.41578342436682,173.49848090237128,176.17632785419698,1009.9097802420476
2025-01-21,178.1582845369317,179.50451136664785,175.55279581181904,176.458863318174,1005.9296919937208
2025-01-22,174.87422112121104,175.8326596672992,172.11493065630546,172.13335718943605,1007.1545456454749
2025-01-23,173.57433337509212,174.3351265763516,170.2608004629807,172.82260250431406,1011.7318120878329
2025-01-24,177.04748898521575,178.81395413771506,175.46726828298483,175.7165050887976,1006.9123758394335
2025-01-25,178.6075326560564,178.62372648466035,173.04299747766066,174.68379376382336,1002.7272391196873
2025-01-26,178.4258621590223,178.6920933686506,174.919890113107,175.4947299696355,1003.0322106622127
2025-01-27,180.87965171635548,184.91383164331995,178.46682444578948,183.27465858921144,1002.3973886943924
2025-01-28,180.89119170757925,182.13697982203172,179.9744694099344,181.473835549639,1000.2561431311602
2025-01-29,176.63587900497166,180.53576002008626,175.75316879779592,178.9935595187838,1003.4694346964046
2025-01-30,172.62989993932405,176.35384154238832,172.02862447932006,175.06557920237054,1003.4654566993893
2025-01-31,175.2540041124802,177.12357421441703,172.51872159577013,174.7983981642717,1007.3414353808635
2025-02-01,174.77910754631114,175.46404166380145,174.20149473083677,174.74985745177457,1010.5119894470982
2025-02-02,175.59386788301566,180.3369615688295,175.0881953770301,178.99708698192475,1001.8765015468877
2025-02-03,187.21492552119906,187.47215408117012,183.04353312946083,183.78027007270938,1006.6574156940537
2025-02-04,184.55625739230936,185.24521940480133,181.5075377601939,182.41861510889794,1003.1618995796084
2025-02-05,183.57861918538853,185.17557215142563,182.973496467532,183.6601633553482,1005.8420237763409
2025-02-06,188.06833757340868,189.011606059159,184.20724884727886,185.72794404153157,1002.903247768558
2025-02-07,188.90607134827775,189.0075128486276,185.164627329274,187.2968243228465,1002.6777190060495
2025-02-08,191.07600666597605,191.14733584635292,190.95952911456544,190.96964548130944,1004.9524085460508
2025-02-09,192.89473513356867,193.75861886092065,189.77947129221636,192.99719449461122,1008.2286453381528
2025-02-10,189.70939556829777,192.50240421103953,188.20129638761028,191.93808803659763,1004.6275446218252
2025-02-11,190.96439991560294,195.07625016497752,190.43550901086266,194.69476932561673,1001.0754135050669
2025-02-12,188.41468221328114,190.32615427863033,184.26067428688273,186.38880460360627,1008.3451628124244
2025-02-13,188.24428137639654,190.6547841647417,183.80352497398022,185.35568108408302,1009.268587150052
2025-02-14,184.9419128605825,186.6281525194759,183.3920088022739,185.92843492840296,1010.8637442241969
2025-02-15,182.9032276716808,184.52717446308196,181.58116803442095,184.16766007412986,1007.1786318617128
2025-02-16,185.66238831258278,186.832671154143,185.34156271107003,185.77584531436122,1006.9317485820122
2025-02-17,189.70897843855948,191.03150260656935,183.5571796950963,185.6408064282846,1004.8751795080517
2025-02-18,186.00486425796217,188.15539928102953,185.71571877193747,186.74923723017082,1000.5200825277719
2025-02-19,186.29790926802735,186.67747511124526,182.96281394149506,185.2883477377174,1010.0534578884276
2025-02-20,183.59701426980257,185.1781471053821,182.4446379481291,183.57192234339817,1011.5344893880941
2025-02-21,178.191053357796,181.16332820014213,177.45404231989525,180.79519035213886,1002.5544191230038
2025-02-22,178.71728686354408,183.5269240113253,178.40981617795822,181.93103859592193,1000.326077123604
2025-02-23,177.08382902825647,177.24293682580176,175.59054304215658,177.16030347996184,1002.5055792323495
2025-02-24,176.57197657711563,178.13391751126946,176.27360358861625,177.90128366407035,1002.7714519662502
2025-02-25,178.7178039461148,180.8712334309708,174.7125349054564,177.03557434049054,1010.3609055901786
2025-02-26,175.11115463500113,175.4572012638125,173.16984968487407,173.5528254015611,1001.7580585023724
2025-02-27,171.30492750779663,172.37364183089883,170.92734196643616,171.01350492770908,1005.3681999183307
2025-02-28,175.93366787929298,176.249562718438,172.58672669586306,173.23595239070394,1003.5400170318945
2025-03-01,175.19638365442154,176.8226385087469,173.7162475482167,174.85607669412178,1006.6546812795006
2025-03-02,172.3150219424906,173.42068249784353,170.92834517365603,173.14886412205442,1017.7290437096452
2025-03-03,168.5058564304242,171.58101247484282,168.21408891008144,170.6574622798345,1010.8994549749077
2025-03-04,167.75195898578963,169.91517657581332,163.6437911314501,166.12636106891836,1005.7499244083751
2025-03-05,166.60960126628888,166.6663458531342,165.03028583436893,165.06171575628196,1014.3975486714825
2025-03-06,164.68477488409025,166.71459587962983,163.1328182214051,164.9288714017432,1006.0990389006098
2025-03-07,164.53556825183222,166.28190980261454,163.83142224871173,165.85890578540372,1007.2613849539964
2025-03-08,163.34161185468375,164.35279100274818,159.15964007624814,162.75959058571203,1009.3350968555259
2025-03-09,159.20744090274272,162.04588371150632,158.5520429719395,161.38348744981104,1001.9121684516527
2025-03-10,160.92667231127396,163.6052569901147,160.35846859468265,160.63532312902547,1006.3855482569523
2025-03-11,164.59030561761782,164.97733521912264,160.31357044044435,161.4296159085049,1003.6201591540691
2025-03-12,162.7700289114497,165.92726284069315,162.19183061017978,164.53175985719574,1006.9478584748615
2025-03-13,162.28917621862402,163.26413446963724,161.10144253220292,162.9036003986072,1006.888408329568
2025-03-14,160.46036117594358,161.97491231975854,159.2810108209519,159.54068368542264,1002.3136209134186
2025-03-15,166.8047231597158,167.51127544531732,163.28646684069065,164.54695819882565,1015.6633207965244
2025-03-16,160.05374279067163,165.10175306964334,159.011441528861,164.62071383963703,1004.0097181459182
2025-03-17,155.9606839550571,157.4239343083501,154.77472465871605,156.3401801077236,1000.6426537105252
2025-03-18,154.1176632784022,154.58937988625217,151.648966855771,152.7900973390338,1004.8835218136775
2025-03-19,155.5603270158979,157.5727728261137,155.2106935356757,155.87923293697247,1000.376534627813
2025-03-20,160.64088815236173,164.99516845274164,160.30277554287287,163.77074616411113,1013.1896536314634
2025-03-21,163.40396766648806,164.90348774224145,161.5242066824513,162.86351795808568,1004.6925796562216
2025-03-22,159.4936958355484,159.56968410441178,157.30481619690758,158.7784045929649,1003.4297624131509
2025-03-23,159.735694333204,163.38996889722836,159.00885663693032,160.68220539623394,1001.5846276920961
2025-03-24,161.9725535304131,162.72537537057678,159.52047049924712,160.28425992633169,1008.9224999431777
2025-03-25,160.85939339979012,163.52028853515105,159.27287333659413,160.35171913797979,1009.5615628095904
2025-03-26,161.3006031836904,162.45086027667364,160.5762089620453,162.44291521574678,1005.0125536653856
2025-03-27,161.02864496405076,163.24476741132975,160.1778019629786,161.48160348901453,1005.9179251553164
2025-03-28,162.86908397734285,163.92091847099735,159.95799987781382,161.6595106475228,1005.2342745440427
2025-03-29,159.54956504316144,161.03907189342846,159.31348082940264,160.48157719484934,1002.3348150508216
2025-03-30,165.56045928821447,166.7292878788499,163.2016683569222,164.4753538649727,1002.9844528746011
2025-03-31,168.45486481805642,169.27872140988617,166.28798932847377,167.65813313479492,1005.8857143109577
2025-04-01,166.05761337219369,168.98229104597493,164.92706468620077,167.84646081874274,1011.3946294273132
2025-04-02,170.45362761225405,171.54605454855172,166.93332015302835,168.31170961474206,1006.6768562562738
2025-04-03,170.31985748963672,171.46321874948538,167.36750986348736,168.12055742068827,1007.1126100316815
2025-04-04,169.07689126880345,173.5043502700319,168.3765325949724,171.91517927043128,1004.692232002345
2025-04-05,169.8152812340724,170.50155809419783,168.12606151235443,169.40748687035952,1014.7196926875444
2025-04-06,168.00271098154377,170.4555034227041,167.1469772759152,170.1193710864509,1002.265341246174
2025-04-07,170.12042584874695,170.5238102442761,169.01992734719948,169.61689518415352,1011.5167909240533
2025-04-08,171.93236424625934,172.247104243048,169.79112054891644,169.8411905228682,1001.008725883013
2025-04-09,173.8843795230131,175.59568767487318,172.62413972152046,173.43329709232773,1009.9669998965155
2025-04-10,174.48622552500072,177.03093942446344,174.15996865616725,175.68208372802087,1007.8381635556357
2025-04-11,173.51195551183253,175.54648733056464,171.96157156656506,173.02362779309868,1011.4927579350858
2025-04-12,172.98164261078563,178.05932095687538,172.17013207915326,175.29833729389216,1006.6392361224174
2025-04-13,173.45854442417397,176.50482209790644,172.08097015869484,175.83785149382518,1011.1124755184695
2025-04-14,178.43925604425,181.59676671725444,177.44559353865947,179.78790810257976,1003.639793765259
2025-04-15,184.0615185308271,185.27606827530815,179.81152515284106,182.53178879659086,1003.9822817335897
2025-04-16,181.35149532480378,184.16757134820512,180.78722173343397,182.99551802661912,1003.4746639758858
2025-04-17,181.7991550149597,182.20357740568485,177.28519337867337,177.60664622508173,1008.6326056271463
2025-04-18,181.8473257518115,186.7014698660082,181.2120345238282,184.52451460654478,1001.1312828367502
2025-04-19,181.3446479876562,183.26353031331746,179.80691518822852,182.22718327177586,1004.670334179252
2025-04-20,182.60743058639514,185.82542652732405,182.26070668415582,184.94935233762408,1006.1525800945934
2025-04-21,184.2861691123138,184.55771466745287,182.66596933122707,182.94843178157961,1005.5993375990518
2025-04-22,181.08161218523256,182.9246413675498,180.73369136579947,182.53464401676482,1001.8112308440309
2025-04-23,183.73473771874902,185.17523228605745,182.0767142668398,184.27720538485852,1007.8153330918233
2025-04-24,181.29533509433983,183.0576843815889,180.10712367239705,180.72536820608508,1001.3606996508548
2025-04-25,182.6670152833789,184.13666897432006,182.6239435377638,182.86570890043856,1006.3632147564311
2025-04-26,182.5690185714304,184.9651973902602,182.31729991724626,184.5484307382731,1020.1977524798538
2025-04-27,184.65442510100522,188.39911518640142,184.5428018482326,185.92228683415985,1006.2479204275057
2025-04-28,187.86989108906508,189.38063937912034,185.4198074833694,188.48220430727525,1002.4093207458843
2025-04-29,195.05454941213193,195.59397249640693,193.9970240701913,194.57168760685846,1014.4575443450921
2025-04-30,194.3225025964952,196.37045265390063,192.9518308683051,193.0276971964387,1012.7807913719162
2025-05-01,196.657231648729,198.6973816334302,194.14414162860197,198.15269896885297,1006.9334949109716
2025-05-02,200.98665345148632,201.48496866073413,198.1163581450903,201.0328886203652,1012.1946918652154
2025-05-03,207.89547160086292,210.97809348154243,205.59261175805236,208.6052465345916,1008.7583466345095
2025-05-04,207.1433019838098,209.24550048774702,206.19892231862988,207.93974943680706,1004.0434202736174
2025-05-05,208.48118777411176,208.82602831404114,203.59252934912988,205.46942964176378,1003.8489727338505
2025-05-06,204.64214016601665,207.11143898449126,203.82682394000204,206.81036296240697,1003.6290748839103
2025-05-07,202.6785348191219,203.14643109363695,200.99390446290778,202.2660351472783,1006.650106917126
2025-05-08,205.18002050263394,205.88540895188012,199.167233614406,202.33431244081285,1004.384632979929
2025-05-09,201.8653081962017,202.87631964100459,201.3821323349772,201.82441954339674,1001.4049676380478
2025-05-10,193.34391019440432,196.24590913281062,189.35981022262513,195.57457020264857,1003.7479763211372
2025-05-11,196.98721880746643,197.55304831950153,194.188302568391,194.39424938627417,1015.979248598554
2025-05-12,197.5613653018647,203.82492151832164,194.473313818585,197.99461703525728,1012.9352248732083
2025-05-13,196.85502324519499,197.48137114473892,195.5254561424757,196.36466905023215,1002.4713155167975
2025-05-14,193.08152807683675,194.71799443794694,190.75537001775393,191.40136809285224,1009.4286191264692
2025-05-15,191.00945313686032,192.09522992241824,188.47894451742062,189.45298065021507,1013.8645662497231
2025-05-16,190.98675464500164,192.84296224040705,189.14825169350576,190.173523352391,1005.5875398465796
2025-05-17,189.4255376463631,190.00596304272514,189.26041202898685,189.6471879287425,1001.610348873779
2025-05-18,195.475005539932,196.1428549752308,194.0032066065945,195.30576052847024,1007.1647541867832
2025-05-19,198.8012945200178,199.14355379382505,193.33198235062736,195.73881247344042,1002.9435332954565
2025-05-20,198.90979699815432,200.8535714401913,198.426361115409,200.56700665722465,1008.6076854236175
2025-05-21,195.41868552697827,202.0641095752385,193.65113155315584,199.62300975349135,1005.8305551457338
2025-05-22,203.639358806506,206.3080982156981,198.51194965630341,199.90960501185347,1001.774164654142
2025-05-23,203.11316170729543,204.4750713101811,202.3073441966137,203.54600127580866,1007.9241823207019
2025-05-24,208.20603700568176,210.0572804773349,205.36308251943174,209.16255934091484,1002.0254301879356
2025-05-25,202.56467102205528,205.58381033966188,199.21806226934095,200.58913320793383,1000.7931534345361
2025-05-26,205.24018510031036,207.70395966619725,204.83377862258695,207.3931647796603,1009.5426512508008
2025-05-27,209.31428531208587,210.82142084330792,206.07985290987335,206.2696864092664,1000.7002928070749
2025-05-28,209.07745032350456,210.02162054766004,207.58630171956702,207.69851633864445,1001.5915672742586
2025-05-29,202.58933102125576,204.752386176341,202.08157669516032,202.86308085613186,1001.1644428661856
